{
  "accuracy": 0.94,
  "cv_accuracy_mean": 0.9496153846153847,
  "cv_accuracy_std": 0.03526829636469717,
  "model_type": "RandomForestClassifier",
  "class_names": [
    "CEP102",
    "CEP104",
    "CEP105",
    "CEP106",
    "CEP107",
    "CEP108",
    "CEP110",
    "CEP205"
  ],
  "num_features": 71,
  "num_samples": 197
}